<?xml version="1.0" encoding="UTF-8"?>
<project-private xmlns="http://www.netbeans.org/ns/project-private/1">
    <editor-bookmarks xmlns="http://www.netbeans.org/ns/editor-bookmarks/2" lastBookmarkId="0"/>
    <open-files xmlns="http://www.netbeans.org/ns/projectui-open-files/2">
        <group>
            <file>file:/D:/Java%20Course/Calculator_with_roman_to_arabic_and_back/src/exercise_n1_kaxarov_jaxongir_calculator/Calculator.java</file>
            <file>file:/D:/Java%20Course/Calculator_with_roman_to_arabic_and_back/src/exercise_n1_kaxarov_jaxongir_calculator/DataReader.java</file>
            <file>file:/D:/Java%20Course/Calculator_with_roman_to_arabic_and_back/src/exercise_n1_kaxarov_jaxongir_calculator/Main.java</file>
            <file>file:/D:/Java%20Course/Calculator_with_roman_to_arabic_and_back/src/exercise_n1_kaxarov_jaxongir_calculator/RomanNumeral.java</file>
        </group>
    </open-files>
</project-private>
